Name,Sum,Avg,ks_normal,ks_normal pval,ks_normal log,ks_normal log pval,ks_normal tan,ks_normal tan pval,ks yeo-johnson,ks yeo-johnson pval,ks quantile,ks quantile pval,skew,kurtosis,q0,q0_25,q0_50,q0_75,q1,std,variance,Overflow,perc_in,n_photons,non_zero_vals,zero_vals
random_cube,1032875.0747160787,0.1328285847114299,0.057464305563595275,0.0,0.1406612178486053,0.0,0.06227994598887504,0.0,0.39026431848153353,0.0,0.11297720385056009,0.0,-4.377945137950297e-05,-1.2008668009403811,7.990617273818439e-08,0.06636412890324936,0.13280233142592252,0.19931132988684377,0.26566593053710846,0.07671032992159749,0.005884474716680334,0.0,100.0,100000000,7776000,0
mati-sim 100k_original_params_cube,534890.8222840998,0.06878739998509513,0.49582112480147306,0.0,0.5093460582077574,0.0,0.5267095729645371,0.0,0.5070068646025246,0.0,0.5264225276456667,0.0,1401.1826125044245,2422875.089073731,0.0,0.0,0.0,0.0,13010.254896975785,6.566767146154364,43.12243075181233,497984.25243210874,51.786594078772374,100000,941168,6834832
mati-sim 10k_original_params_cube,531707.7049986218,0.06837804848233306,0.4958401930806705,0.0,0.533268373538104,0.0,0.540343419241836,0.0,0.5393843486247294,0.0,0.5402589268794005,0.0,1384.4827643848766,2361368.3022640636,0.0,0.0,0.0,0.0,12840.198511919314,6.557612119369114,43.00227670809669,501167.3697174783,51.47841379992338,10000,335497,7440503
mati-sim 10mln_original_params_cube,535963.2629517143,0.06892531673761758,0.4958096993873958,0.0,0.3686405565348576,0.0,0.41017221028103423,0.0,0.38953167484106077,0.0,0.40885365214017355,0.0,1403.4034943959066,2431547.9064207096,0.0,0.0,0.0,0.0001652171462194364,13018.203645404976,6.561991601005322,43.05973377166438,496911.81174073776,51.890424707102376,10000000,2897319,4878681
mati-sim 1mln_original_params_cube,536211.492401504,0.06895723924916461,0.4958100760674162,0.0,0.446478718976577,0.0,0.4767934982014176,0.0,0.40409466936799643,0.0,0.47609757651162365,0.0,1403.1367374695578,2430270.2862900356,0.0,0.0,0.0,0.0,13022.570904729318,6.565620990869683,43.107378995748604,496663.5823155503,51.91445756868455,1000000,1862453,5913547
